"session_id	topic_id	query	query_id	doc_url	id"
"0	1	kenya swahili cooking dishes cook	0	https://cookpad.com/us/search/swahili	0"
"0	1	kenya swahili cooking dishes cook	0	https://www.pinterest.com/dkarama/swahili-recipes/	1"
"0	1	kenya swahili cooking dishes cook	0	https://africageographic.com/stories/six-swahili-food-dishes-wont-want-miss/	2"
"0	1	kenya swahili cooking dishes cook	0	https://www.tuko.co.ke/271894-best-kenyan-swahili-dishes-recipes.html	3"
"0	1	kenya swahili cooking dishes cook	0	https://matadornetwork.com/read/essential-kenya-dishes-swahili-coast/	4"
"0	1	kenya swahili cooking dishes cook	0	https://ling-app.com/sw/swahili-food/	5"
"0	1	kenya swahili cooking dishes cook	0	https://swahilifood.com/	6"
"0	1	kenya swahili cooking dishes cook	0	https://www.kitchencounterchronicle.com/kenya-swahili-pilau/	7"
"0	1	kenya swahili cooking dishes cook	0	https://mayuris-jikoni.com/tag/swahili-cuisine/	8"
"0	1	kenya swahili cooking dishes cook	0	https://www.youtube.com/watch?v=NB_wQ43iZ5s	9"
"1	2	airport dulles cities taxi city	0	https://www.flydulles.com/parking-transportation/washington-flyer-taxi-service	10"
"1	2	airport dulles cities taxi city	0	https://www.flydulles.com/parking-transportation/washington-flyer-taxi-service/estimated-taxi-fares	11"
"1	2	airport dulles cities taxi city	0	https://www.annapoliscitytaxi.com/service-area/taxi-service-washington-dulles-international-airport/	12"
"1	2	airport dulles cities taxi city	0	https://www.welcomepickups.com/washington/airport-taxi/	13"
"1	2	airport dulles cities taxi city	0	https://www.welcomepickups.com/washington/airport-to-city/	14"
"1	2	airport dulles cities taxi city	0	https://www.virginia.org/listing/washington-flyer-taxi/11464/	15"
"1	2	airport dulles cities taxi city	0	https://dullestaxi.com/	16"
"1	2	airport dulles cities taxi city	0	https://airmundo.com/en/airports/washington-dulles-international-airport/taxi/	17"
"1	2	airport dulles cities taxi city	0	https://fairfaxyellowcab.com/our-services/airport-service/	18"
"1	2	airport dulles cities taxi city	0	https://www.tripsavvy.com/getting-to-dulles-1040463	19"
"2	3	phd business degree masters education	0	https://www.bestcolleges.com/features/doctorate-business-administration-programs/	20"
"2	3	phd business degree masters education	0	https://www.bu.edu/academics/questrom/programs/phd-in-management/	21"
"2	3	phd business degree masters education	0	https://degrees.bellevue.edu/business"
"2	3	phd business degree masters education	0	https://www.usnews.com/education/online-education/business/rankings	23"
"2	3	phd business degree masters education	0	https://mendoza.nd.edu/graduate-programs/	24"
"2	3	phd business degree masters education	0	https://business.fiu.edu/graduate/phd/index.cfm	25"
"2	3	phd business degree masters education	0	https://business.fiu.edu/graduate/doctor-of-business-administration/index.cfm	26"
"2	3	phd business degree masters education	0	https://www.lsu.edu/business/academics/graduate-programs.php	27"
"2	3	phd business degree masters education	0	https://www.business.msstate.edu/academics/graduate-programs/doctoral-programs	28"
"2	3	phd business degree masters education	0	https://hankamer.baylor.edu/graduate	29"
"3	4	smoking quitting hypnosis quit benefits	0	https://www.healthline.com/health/hypnosis-to-quit-smoking	30"
"3	4	smoking quitting hypnosis quit benefits	0	https://www.webmd.com/smoking-cessation/hypnosis-for-quitting-smoking	31"
"3	4	smoking quitting hypnosis quit benefits	0	https://www.ncbi.nlm.nih.gov/pmc/articles/PMC6568235/	32"
"3	4	smoking quitting hypnosis quit benefits	0	https://www.ncbi.nlm.nih.gov/pmc/articles/PMC6568235/#abstract-1title	33"
"3	4	smoking quitting hypnosis quit benefits	0	https://www.ncbi.nlm.nih.gov/pmc/articles/PMC6568235/#CD001008-sec-0043title	34"
"3	4	smoking quitting hypnosis quit benefits	0	https://www.ncbi.nlm.nih.gov/pmc/articles/PMC6568235/#CD001008-sec-0064title	35"
"3	4	smoking quitting hypnosis quit benefits	0	https://www.ncbi.nlm.nih.gov/pmc/articles/PMC6568235/#CD001008-sec-0093title	36"
"3	4	smoking quitting hypnosis quit benefits	0	https://www.mindsethealth.com/matter/stop-smoking-hypnosis	37"
"3	4	smoking quitting hypnosis quit benefits	0	https://www.mindsethealth.com/matter/stop-smoking-hypnosis#toc-benefits-of-quitting-smoking	38"
"3	4	smoking quitting hypnosis quit benefits	0	https://www.mindsethealth.com/matter/stop-smoking-hypnosis#toc-using-hypnosis-to-stop-smoking	39"
"4	5	article information transplants patients pages	0	https://www.ncbi.nlm.nih.gov/pmc/articles/PMC7459921/	40"
"4	5	article information transplants patients pages	0	https://www.ncbi.nlm.nih.gov/pmc/articles/PMC7264649/	41"
"4	5	article information transplants patients pages	0	https://onlinelibrary.wiley.com/journal/16006143	42"
"4	5	article information transplants patients pages	0	https://onlinelibrary.wiley.com/loi/16006143	43"
"4	5	article information transplants patients pages	0	https://onlinelibrary.wiley.com/toc/16006143/2022/22/12	44"
"4	5	article information transplants patients pages	0	https://onlinelibrary.wiley.com/journal/16006143/covid19	45"
"4	5	article information transplants patients pages	0	https://onlinelibrary.wiley.com/page/journal/16006143/homepage/cover_gallery.htm	46"
"4	5	article information transplants patients pages	0	https://unos.org/resources/	47"
"4	5	article information transplants patients pages	0	https://unos.org/data/	48"
"4	5	article information transplants patients pages	0	https://www.myast.org/covid-19-information	49"
"5	6	kenya dishes swahili traditional information	0	https://matadornetwork.com/read/essential-kenya-dishes-swahili-coast/	50"
"5	6	kenya dishes swahili traditional information	0	https://africageographic.com/stories/six-swahili-food-dishes-wont-want-miss/	51"
"5	6	kenya dishes swahili traditional information	0	https://ling-app.com/sw/swahili-food/	52"
"5	6	kenya dishes swahili traditional information	0	https://www.willflyforfood.net/food-in-kenya/	53"
"5	6	kenya dishes swahili traditional information	0	https://swahilifood.com/	54"
"5	6	kenya dishes swahili traditional information	0	https://swahilifood.com/about-me/	55"
"5	6	kenya dishes swahili traditional information	0	https://swahilifood.com/category/easy-recipes/	56"
"5	6	kenya dishes swahili traditional information	0	https://swahilifood.com/category/drinks/	57"
"5	6	kenya dishes swahili traditional information	0	https://swahilifood.com/category/snacks/	58"
"5	6	kenya dishes swahili traditional information	0	https://ischoolillinois.libguides.com/c.php?g=1092788&p=7986734	59"
"6	7	kursk sank sinking submarine sea	0	https://en.wikipedia.org/wiki/Kursk_submarine_disaster	60"
"6	7	kursk sank sinking submarine sea	0	https://en.wikipedia.org/wiki/Russian_submarine_Kursk_(K-141)	61"
"6	7	kursk sank sinking submarine sea	0	https://en.wikipedia.org/wiki/Barents_Sea	62"
"6	7	kursk sank sinking submarine sea	0	https://en.wikipedia.org/wiki/Kursk_(film)	63"
"6	7	kursk sank sinking submarine sea	0	https://en.wikipedia.org/wiki/India-class_submarine	64"
"6	7	kursk sank sinking submarine sea	0	https://www.britannica.com/event/Kursk-submarine-disaster	65"
"6	7	kursk sank sinking submarine sea	0	https://www.marineinsight.com/maritime-history/mysterious-horrific-maritime-disaster-the-story-of-the-kursk-disaster/	66"
"6	7	kursk sank sinking submarine sea	0	https://www.navytimes.com/flashpoints/2021/11/22/russian-admiral-kursk-disaster-caused-by-nato-sub/	67"
"6	7	kursk sank sinking submarine sea	0	https://www.rferl.org/a/the-kursk-catastrophe-a-lesson-for-putin-is-fading-from-russian-attention-20-years-later/30778500.html	68"
"6	7	kursk sank sinking submarine sea	0	https://www.theguardian.com/world/2001/aug/05/kursk.russia	69"
"7	8	submarines kursk submarine sinking sink	0	https://en.wikipedia.org/wiki/Kursk_submarine_disaster	70"
"7	8	submarines kursk submarine sinking sink	0	https://en.wikipedia.org/wiki/Russian_submarine_Kursk_(K-141)	71"
"7	8	submarines kursk submarine sinking sink	0	https://en.wikipedia.org/wiki/Kursk_(film)	72"
"7	8	submarines kursk submarine sinking sink	0	https://en.wikipedia.org/wiki/Rescue_buoy_(submarine)	73"
"7	8	submarines kursk submarine sinking sink	0	https://en.wikipedia.org/wiki/Sochi	74"
"7	8	submarines kursk submarine sinking sink	0	https://www.britannica.com/event/Kursk-submarine-disaster	75"
"7	8	submarines kursk submarine sinking sink	0	https://www.marineinsight.com/maritime-history/mysterious-horrific-maritime-disaster-the-story-of-the-kursk-disaster/	76"
"7	8	submarines kursk submarine sinking sink	0	https://www.navytimes.com/flashpoints/2021/11/22/russian-admiral-kursk-disaster-caused-by-nato-sub/	77"
"7	8	submarines kursk submarine sinking sink	0	https://www.popularmechanics.com/military/navy-ships/a23494010/kursk-submarine-disaster/	78"
"7	8	submarines kursk submarine sinking sink	0	https://www.theguardian.com/world/2001/aug/05/kursk.russia	79"
"8	9	bollywood india growth mumbai industry	0	https://www.indiewire.com/news/general-news/why-is-bollywood-such-a-powerful-industry-mumbai-provides-an-answer-33491/	80"
"8	9	bollywood india growth mumbai industry	0	http://www.graduate.umaryland.edu/gsa/gazette/August-2018/Bollywood-A-Glimpse-Into-Indias-Evolution/	81"
"8	9	bollywood india growth mumbai industry	0	https://www.forbes.com/sites/niallmccarthy/2014/09/03/bollywood-indias-film-industry-by-the-numbers-infographic/	82"
"8	9	bollywood india growth mumbai industry	0	https://en.wikipedia.org/wiki/Cinema_of_India	83"
"8	9	bollywood india growth mumbai industry	0	https://www.isc.hbs.edu/Documents/resources/courses/moc-course-at-harvard/pdf/student-projects/India_(Maharashtra)_Film_2008.pdf	84"
"8	9	bollywood india growth mumbai industry	0	https://www.reuters.com/article/idINIndia-48085620100429	85"
"8	9	bollywood india growth mumbai industry	0	https://www.jstor.org/stable/45073039	86"
"8	9	bollywood india growth mumbai industry	0	http://www.kspjournals.org/index.php/JEST/article/view/746	87"
"8	9	bollywood india growth mumbai industry	0	https://www.aljazeera.com/opinions/2022/11/11/bollywood-crisis-changes-or-dies	88"
"8	9	bollywood india growth mumbai industry	0	https://www.bollycurves.com/resources/what-is-bollywood	89"
"9	10	essay tax argument argue government	0	https://www.bartleby.com/essay/Tax-Cut-Argument-Essay-FCGC7K4SGCM	90"
"9	10	essay tax argument argue government	0	https://www.imf.org/external/pubs/ft/issues/issues27/	91"
"9	10	essay tax argument argue government	0	https://ivypanda.com/essays/personal-income-tax-arguments-for-and-against/	92"
"9	10	essay tax argument argue government	0	https://ivypanda.com/essays/tax-cuts/	93"
"9	10	essay tax argument argue government	0	https://opencommons.uconn.edu/cgi/viewcontent.cgi?article=2270&context=gs_theses	94"
"9	10	essay tax argument argue government	0	https://scholarworks.gsu.edu/cgi/viewcontent.cgi?article=1017&context=econ_diss	95"
"9	10	essay tax argument argue government	0	https://scholarworks.gsu.edu/cgi/viewcontent.cgi?article=1030&context=econ_diss	96"
"9	10	essay tax argument argue government	0	https://www.brookings.edu/wp-content/uploads/2016/06/09_effects_income_tax_changes_economic_growth_gale_samwick.pdf	97"
"9	10	essay tax argument argue government	0	https://www.taxpolicycenter.org/briefing-book/what-do-economists-agree-and-disagree-about-effects-taxes-economic-growth	98"
"9	10	essay tax argument argue government	0	https://www.irs.gov/privacy-disclosure/the-truth-about-frivolous-tax-arguments-section-i-d-to-e	99"
"10	11	infants developmental milestones age culture	0	https://lifestyle.howstuffworks.com/family/parenting/parenting-tips/child-development-milestones.htm	100"
"10	11	infants developmental milestones age culture	0	https://lifestyle.howstuffworks.com/family/parenting/parenting-tips/child-development-milestones.htm#pt1	101"
"10	11	infants developmental milestones age culture	0	https://lifestyle.howstuffworks.com/family/parenting/parenting-tips/child-development-milestones.htm#pt2	102"
"10	11	infants developmental milestones age culture	0	https://lifestyle.howstuffworks.com/family/parenting/parenting-tips/child-development-milestones.htm#pt4	103"
"10	11	infants developmental milestones age culture	0	https://www.frontiersin.org/articles/10.3389/fpsyg.2020.00119/full	104"
"10	11	infants developmental milestones age culture	0	https://www.frontiersin.org/articles/10.3389/fpsyg.2020.00119/full#h2	105"
"10	11	infants developmental milestones age culture	0	https://www.frontiersin.org/articles/10.3389/fpsyg.2020.00119/full#h3	106"
"10	11	infants developmental milestones age culture	0	https://www.frontiersin.org/articles/10.3389/fpsyg.2020.00119/full#h4	107"
"10	11	infants developmental milestones age culture	0	https://www.frontiersin.org/articles/10.3389/fpsyg.2020.00119/full#h5	108"
"10	11	infants developmental milestones age culture	0	https://www.sciencenews.org/article/culture-helps-shape-when-babies-learn-walk	109"
"11	12	weddings wedding ceremonies traditions cultures	0	https://i.insider.com/5ad640d88fc71e2f008b4586?width=1136&format=jpeg&sa=X&ved=2ahUKEwjdt7-jjZ6AAxWVTDABHYgxC3sQ_B16BAgBEAI	110"
"11	12	weddings wedding ceremonies traditions cultures	0	https://www.insider.com/wedding-traditions-around-the-world-2018-4	111"
"11	12	weddings wedding ceremonies traditions cultures	0	https://www.brides.com/gallery/wedding-traditions-around-the-world	112"
"11	12	weddings wedding ceremonies traditions cultures	0	https://www.beau-coup.com/cultural-traditions-weddings.htm	113"
"11	12	weddings wedding ceremonies traditions cultures	0	https://www.beau-coup.com/cultural-traditions-weddings.htm#african	114"
"11	12	weddings wedding ceremonies traditions cultures	0	https://www.beau-coup.com/cultural-traditions-weddings.htm#french	115"
"11	12	weddings wedding ceremonies traditions cultures	0	https://www.beau-coup.com/cultural-traditions-weddings.htm#japanese	116"
"11	12	weddings wedding ceremonies traditions cultures	0	https://www.theknot.com/content/favorite-wedding-traditions-from-around-the-world	117"
"11	12	weddings wedding ceremonies traditions cultures	0	https://www.theknot.com/content/favorite-wedding-traditions-from-around-the-world#3-black-and-african-american	118"
"11	12	weddings wedding ceremonies traditions cultures	0	https://www.theknot.com/content/favorite-wedding-traditions-from-around-the-world#8-congolese-wedding-traditions	119"
"12	13	france french 1998 studies reactions	0	https://www.academia.edu/30335884/Football_Race_and_the_Republic_A_Study_of_Reactions_to_France_s_1998_World_Cup_Victory	120"
"12	13	france french 1998 studies reactions	0	https://www.jstor.org/stable/26378219	121"
"12	13	france french 1998 studies reactions	0	https://www.jstor.org/stable/40326165	122"
"12	13	france french 1998 studies reactions	0	https://www.brookings.edu/articles/frances-35-hour-work-week-flexibility-through-regulation/	123"
"12	13	france french 1998 studies reactions	0	https://www.nytimes.com/1998/09/13/us/testing-president-reaction-abroad-stupefaction-france-but-calls-for-resignation.html	124"
"12	13	france french 1998 studies reactions	0	https://guides.loc.gov/women-in-the-french-revolution/revolutions-rebellions/1789-1830-1848	125"
"12	13	france french 1998 studies reactions	0	https://www.cyclingnews.com/news/lance-armstrong-reacts-to-french-report-into-1998-tour-positives/	126"
"12	13	france french 1998 studies reactions	0	https://www.amazon.com/Galileo-France-Reactions-Comparative-Literatures/dp/082045768X	127"
"12	13	france french 1998 studies reactions	0	https://www.reuters.com/article/us-soccer-world-m35-esp-history/spain-farewell-carries-sad-echo-of-france-1998-idUSKBN0EW0JY20140621	128"
"12	13	france french 1998 studies reactions	0	https://link.springer.com/chapter/10.1007/978-3-319-51664-6_5	129"
"13	14	naturalism evidence philosophy argument existence	0	https://plato.stanford.edu/entries/naturalism/	130"
"13	14	naturalism evidence philosophy argument existence	0	https://en.wikipedia.org/wiki/Naturalism_(philosophy)	131"
"13	14	naturalism evidence philosophy argument existence	0	https://en.wikipedia.org/wiki/Naturalism_(philosophy)#History_of_naturalism	132"
"13	14	naturalism evidence philosophy argument existence	0	https://en.wikipedia.org/wiki/Naturalism_(philosophy)#Providing_assumptions_required_for_science	133"
"13	14	naturalism evidence philosophy argument existence	0	https://en.wikipedia.org/wiki/Naturalism_(philosophy)#Methodological_naturalism	134"
"13	14	naturalism evidence philosophy argument existence	0	https://www.newdualism.org/papers/D.Synnestvedt/naturalism.htm	135"
"13	14	naturalism evidence philosophy argument existence	0	https://iep.utm.edu/naturali/	136"
"13	14	naturalism evidence philosophy argument existence	0	https://encyclopedia.pub/entry/36519	137"
"13	14	naturalism evidence philosophy argument existence	0	https://reasonsforgod.org/why-naturalism-is-false-or-irrational/	138"
"13	14	naturalism evidence philosophy argument existence	0	https://www.jstor.org/stable/23013336	139"
"14	15	voip providers phones phone internet	0	https://www.voipreview.org/mobile-voip-providers	140"
"14	15	voip providers phones phone internet	0	https://www.forbes.com/advisor/business/software/best-voip-service/	141"
"14	15	voip providers phones phone internet	0	https://www.forbes.com/advisor/business/best-voip-cell-phone-service/	142"
"14	15	voip providers phones phone internet	0	https://www.g2.com/categories/voip	143"
"14	15	voip providers phones phone internet	0	https://wpforms.com/best-business-voip-and-internet-phone-systems/	144"
"14	15	voip providers phones phone internet	0	https://wpforms.com/best-business-voip-and-internet-phone-systems/#1_Nextiva	145"
"14	15	voip providers phones phone internet	0	https://wpforms.com/best-business-voip-and-internet-phone-systems/#2_RingCentral	146"
"14	15	voip providers phones phone internet	0	https://wpforms.com/best-business-voip-and-internet-phone-systems/#3_Ooma_Office_Phone	147"
"14	15	voip providers phones phone internet	0	https://wpforms.com/best-business-voip-and-internet-phone-systems/#5_Grasshopper	148"
"14	15	voip providers phones phone internet	0	https://www.pcmag.com/picks/finally-ditch-that-landline-the-best-voip-home-phone-services	149"
"15	16	fitness exercises diets fit achieve	0	https://www.nia.nih.gov/health/infographics/diet-and-exercise-choices-today-healthier-tomorrow	150"
"15	16	fitness exercises diets fit achieve	0	https://www.excellenceinfitness.com/blog/nutrition-for-fitness-training-the-facts-you-need-to-know	151"
"15	16	fitness exercises diets fit achieve	0	https://www.healthline.com/health/fitness-exercise-eating-healthy	152"
"15	16	fitness exercises diets fit achieve	0	https://www.healthline.com/health/fitness-exercise-eating-healthy#breakfast	153"
"15	16	fitness exercises diets fit achieve	0	https://www.healthline.com/health/fitness-exercise-eating-healthy#carbohydrates	154"
"15	16	fitness exercises diets fit achieve	0	https://www.healthline.com/health/fitness-exercise-eating-healthy#protein	155"
"15	16	fitness exercises diets fit achieve	0	https://www.healthline.com/health/fitness-exercise-eating-healthy#fruits-and-vegetables	156"
"15	16	fitness exercises diets fit achieve	0	https://www.health.com/weight-loss/30-simple-diet-and-fitness-tips	157"
"15	16	fitness exercises diets fit achieve	0	https://www.today.com/health/diet-fitness	158"
"15	16	fitness exercises diets fit achieve	0	https://www.muscleandfitness.com/nutrition/healthy-eating/ultimate-diet-plan-beginners/	159"
"16	17	depression unhappy sleep suffering nights	0	https://www.sleepfoundation.org/mental-health/depression-and-sleep	160"
"16	17	depression unhappy sleep suffering nights	0	https://www.hopkinsmedicine.org/health/wellness-and-prevention/depression-and-sleep-understanding-the-connection	161"
"16	17	depression unhappy sleep suffering nights	0	https://www.webmd.com/depression/sleep-depression	162"
"16	17	depression unhappy sleep suffering nights	0	https://www.healthline.com/health/depression-at-night	163"
"16	17	depression unhappy sleep suffering nights	0	https://www.medicalnewstoday.com/articles/depression-at-night	164"
"16	17	depression unhappy sleep suffering nights	0	https://www.mind.org.uk/information-support/types-of-mental-health-problems/sleep-problems/about-sleep-and-mental-health/	165"
"16	17	depression unhappy sleep suffering nights	0	https://www.colorado.edu/health/blog/depression	166"
"16	17	depression unhappy sleep suffering nights	0	https://drtmstherapy.com/more-depressed-at-night/	167"
"16	17	depression unhappy sleep suffering nights	0	https://www.verywellmind.com/why-am-i-depressed-only-at-night-1066892	168"
"16	17	depression unhappy sleep suffering nights	0	https://health.clevelandclinic.org/what-you-should-know-about-the-relationship-between-oversleeping-and-depression/	169"
"17	18	pseudocyesis pregnancy pregnant disorder clinical	0	https://my.clevelandclinic.org/health/diseases/24255-pseudocyesis	170"
"17	18	pseudocyesis pregnancy pregnant disorder clinical	0	https://www.ncbi.nlm.nih.gov/pmc/articles/PMC3361851/	171"
"17	18	pseudocyesis pregnancy pregnant disorder clinical	0	https://www.ncbi.nlm.nih.gov/pmc/articles/PMC3361851/#abstract-1title	172"
"17	18	pseudocyesis pregnancy pregnant disorder clinical	0	https://www.ncbi.nlm.nih.gov/pmc/articles/PMC3361851/#sec1-1title	173"
"17	18	pseudocyesis pregnancy pregnant disorder clinical	0	https://www.ncbi.nlm.nih.gov/pmc/articles/PMC3361851/#sec1-2title	174"
"17	18	pseudocyesis pregnancy pregnant disorder clinical	0	https://www.ncbi.nlm.nih.gov/pmc/articles/PMC3361851/#sec1-3title	175"
"17	18	pseudocyesis pregnancy pregnant disorder clinical	0	https://www.uptodate.com/contents/pseudocyesis	176"
"17	18	pseudocyesis pregnancy pregnant disorder clinical	0	https://www.webmd.com/baby/false-pregnancy-pseudocyesis	177"
"17	18	pseudocyesis pregnancy pregnant disorder clinical	0	https://www.osmosis.org/answers/pseudocyesis	178"
"17	18	pseudocyesis pregnancy pregnant disorder clinical	0	https://www.healthline.com/health/pregnancy/phantom-pregnancy	179"
"18	19	pocono pennsylvania mountains winter vacation	0	https://www.poconomountains.com/plan-your-vacation/seasons/winter/	180"
"18	19	pocono pennsylvania mountains winter vacation	0	https://www.poconomountains.com/things-to-do/ski-snow-activities/places-to-stay/	181"
"18	19	pocono pennsylvania mountains winter vacation	0	https://thefrenchmanor.com/blog/things-to-do-in-the-poconos-in-winter/	182"
"18	19	pocono pennsylvania mountains winter vacation	0	https://mainlinetoday.com/travel/8-cozy-pocono-area-getaways-perfect-for-a-winter-escape/	183"
"18	19	pocono pennsylvania mountains winter vacation	0	https://www.discovernepa.com/articles-and-stories/winter-break-at-pocono-resorts/	184"
"18	19	pocono pennsylvania mountains winter vacation	0	https://selectregistry.com/blog/best-places-to-stay-in-the-poconos/	185"
"18	19	pocono pennsylvania mountains winter vacation	0	https://www.phillymag.com/life-style/poconos-winter/	186"
"18	19	pocono pennsylvania mountains winter vacation	0	https://www.poconomountainrentals.com/winter-vacation-homes/	187"
"18	19	pocono pennsylvania mountains winter vacation	0	https://traveltips.usatoday.com/winter-resorts-poconos-18123.html	188"
"18	19	pocono pennsylvania mountains winter vacation	0	https://www.visitpa.com/article/pocono-mountains-ski-resorts-ultimate-family-snow-day	189"
"19	20	roof reduce sun temperature conditioning	0	https://www.energy.gov/energysaver/cool-roofs	190"
"19	20	roof reduce sun temperature conditioning	0	https://basc.pnnl.gov/resource-guides/cool-roofs-and-walls-reduce-heat-gain	191"
"19	20	roof reduce sun temperature conditioning	0	https://heatisland.lbl.gov/coolscience/cool-roofs	192"
"19	20	roof reduce sun temperature conditioning	0	https://savingenergyforlife.com/blog/solar-panels-lower-your-rooftop-temperature	193"
"19	20	roof reduce sun temperature conditioning	0	https://www.sciencedirect.com/science/article/pii/S2666123321000209	194"
"19	20	roof reduce sun temperature conditioning	0	https://www.sciencedirect.com/science/article/pii/S037877881733743X	195"
"19	20	roof reduce sun temperature conditioning	0	https://www.epa.gov/heatislands/using-cool-roofs-reduce-heat-islands	196"
"19	20	roof reduce sun temperature conditioning	0	https://www.eesi.org/papers/view/fact-sheet-cool-roofs	197"
"19	20	roof reduce sun temperature conditioning	0	https://www.envirocoatingsusa.com/cool-roof/	198"
"19	20	roof reduce sun temperature conditioning	0	https://www.soprema-international.com/en/article/dossier-thematique/cool-roof-reduces-heat-islands-effects	199"
"20	21	hydropower hydroelectric renewable dams fuels	0	https://www.usgs.gov/special-topics/water-science-school/science/hydroelectric-power-water-use	200"
"20	21	hydropower hydroelectric renewable dams fuels	0	https://www.iea.org/energy-system/renewables/hydropower	201"
"20	21	hydropower hydroelectric renewable dams fuels	0	https://www.energy.gov/eere/water/benefits-hydropower	202"
"20	21	hydropower hydroelectric renewable dams fuels	0	https://www.energy.gov/eere/water/how-hydropower-works	203"
"20	21	hydropower hydroelectric renewable dams fuels	0	https://www.energy.gov/eere/water/hydropower-basics	204"
"20	21	hydropower hydroelectric renewable dams fuels	0	https://www.energy.gov/eere/water/hydropower-program	205"
"20	21	hydropower hydroelectric renewable dams fuels	0	https://www.energy.gov/eere/water/history-hydropower	206"
"20	21	hydropower hydroelectric renewable dams fuels	0	https://www.theguardian.com/sustainable-business/2016/nov/06/hydropower-hydroelectricity-methane-clean-climate-change-study	207"
"20	21	hydropower hydroelectric renewable dams fuels	0	https://www.nationalgeographic.org/encyclopedia/hydroelectric-energy/	208"
"20	21	hydropower hydroelectric renewable dams fuels	0	https://www.enelgreenpower.com/learning-hub/renewable-energies/hydroelectric-energy/advantages	209"
"21	22	mitigating guns banning violence constitutional	0	https://www.theregreview.org/2022/02/23/penava-arguments-against-statutory-second-amendment/	210"
"21	22	mitigating guns banning violence constitutional	0	https://news.bloomberglaw.com/litigation/domestic-violence-tied-gun-ownership-ban-ruled-unconstitutional	211"
"21	22	mitigating guns banning violence constitutional	0	https://majorcitieschiefs.com/wp-content/uploads/2021/03/MCCA-Statement-for-the-Record-03.23.21-Senate-Judiciary-Committee-Hearing.pdf	212"
"21	22	mitigating guns banning violence constitutional	0	https://www.nbcnews.com/politics/supreme-court/supreme-court-says-second-amendment-guarantees-right-carry-guns-public-rcna17721	213"
"21	22	mitigating guns banning violence constitutional	0	https://library.ship.edu/c.php?g=21651&p=126895	214"
"21	22	mitigating guns banning violence constitutional	0	https://www.nejm.org/doi/full/10.1056/NEJMp2210269	215"
"21	22	mitigating guns banning violence constitutional	0	https://www.jstor.org/stable/25781065	216"
"21	22	mitigating guns banning violence constitutional	0	https://www.preventioninstitute.org/focus-areas/preventing-violence-and-reducing-injury/preventing-violence-advocacy	217"
"21	22	mitigating guns banning violence constitutional	0	https://www.cnn.com/2022/06/23/politics/supreme-court-guns-second-amendment-new-york-bruen/index.html	218"
"21	22	mitigating guns banning violence constitutional	0	https://www.coloradopolitics.com/governor/advocates-call-for-unconstitutional-gun-ban-from-polis-at-capitol-sit-in/article_ad36248c-03c8-11ee-9f96-d37cb78f1364.html	219"
"22	23	homicides massacre hobart shooting arthur	0	https://www.nma.gov.au/defining-moments/resources/port-arthur-massacre	220"
"22	23	homicides massacre hobart shooting arthur	0	https://en.wikipedia.org/wiki/Port_Arthur_massacre_(Australia)	221"
"22	23	homicides massacre hobart shooting arthur	0	https://en.wikipedia.org/wiki/Martin_Bryant	222"
"22	23	homicides massacre hobart shooting arthur	0	https://en.wikipedia.org/wiki/List_of_massacres_in_Australia	223"
"22	23	homicides massacre hobart shooting arthur	0	https://en.wikipedia.org/wiki/Gun_laws_of_Australia	224"
"22	23	homicides massacre hobart shooting arthur	0	https://en.wikipedia.org/wiki/Port_Arthur_massacre_(Australia)	225"
"22	23	homicides massacre hobart shooting arthur	0	https://www.britannica.com/event/Port-Arthur-Massacre	226"
"22	23	homicides massacre hobart shooting arthur	0	https://www.history.com/this-day-in-history/port-arthur-massacre-in-australia	227"
"22	23	homicides massacre hobart shooting arthur	0	https://www.nbcnews.com/news/world/port-arthur-massacre-shooting-spree-changed-australia-gun-laws-n396476	228"
"22	23	homicides massacre hobart shooting arthur	0	https://www.washingtonpost.com/archive/politics/1996/04/29/gunman-kills-32-people-in-australia/ad64ad58-cca3-4296-bfb7-a807dc61c902/	229"
"23	24	bull drinks drink red ban	0	https://www.fodors.com/news/photos/11-strange-food-and-drink-bans-around-the-world	230"
"23	24	bull drinks drink red ban	0	https://reizeclub.com/red-bull-banned-france/	231"
"23	24	bull drinks drink red ban	0	https://www.nutraingredients.com/Article/2009/06/05/red-bull-ban-is-a-knee-jerk-reaction-says-trade-group	232"
"23	24	bull drinks drink red ban	0	https://www.medicalnewstoday.com/articles/5753	233"
"23	24	bull drinks drink red ban	0	https://www.reuters.com/article/us-france-redbull/france-ends-12-year-ban-on-energy-drink-red-bull-idUSL1576964720080715	234"
"23	24	bull drinks drink red ban	0	https://www.quora.com/Why-is-Red-Bull-banned-in-several-countries	235"
"23	24	bull drinks drink red ban	0	https://www.quora.com/Is-RedBull-illegal-in-some-countries	236"
"23	24	bull drinks drink red ban	0	https://www.quora.com/Why-is-Red-Bull-banned-in-countries-like-Iran	237"
"23	24	bull drinks drink red ban	0	https://www.beveragedaily.com/Article/2009/05/26/germans-ban-red-bull-over-cocaine-content	238"
"23	24	bull drinks drink red ban	0	https://www.dailymail.co.uk/news/article-1336957/Americas-ban-non-alcoholic-energy-drinks-proposed-Long-Island.html	239"
"24	25	dehumidifier buy value money makes	0	https://www.nytimes.com/wirecutter/reviews/best-dehumidifier/	240"
"24	25	dehumidifier buy value money makes	0	https://www.goodhousekeeping.com/appliances/g27192069/best-dehumidifier/	241"
"24	25	dehumidifier buy value money makes	0	https://www.consumerreports.org/appliances/dehumidifiers/best-dehumidifiers-under-250-a7084416641/	242"
"24	25	dehumidifier buy value money makes	0	https://www.consumerreports.org/appliances/dehumidifiers/buying-guide/	243"
"24	25	dehumidifier buy value money makes	0	https://www.tomsguide.com/best-picks/best-dehumidifiers	244"
"24	25	dehumidifier buy value money makes	0	https://money.com/best-dehumidifier/	245"
"24	25	dehumidifier buy value money makes	0	https://www.thespruce.com/best-dehumidifiers-4109621	246"
"24	25	dehumidifier buy value money makes	0	https://www.forbes.com/home-improvement/hvac/whole-house-dehumidifier-cost/	247"
"24	25	dehumidifier buy value money makes	0	https://www.dteenergy.com/us/en/residential/save-money-energy/rebates-and-offers/dehumidifier.html	248"
"24	25	dehumidifier buy value money makes	0	https://www.energystar.gov/products/dehumidifiers	249"
"25	26	destinations travel vacation compare research	0	https://blog.accessdevelopment.com/tourism-and-travel-statistics-the-ultimate-collection	250"
"25	26	destinations travel vacation compare research	0	https://www.frontiersin.org/articles/10.3389/fdata.2022.829939/full	251"
"25	26	destinations travel vacation compare research	0	https://www.wowessays.com/free-samples/example-of-research-report-comparing-two-travel-destinations-milan-and-buenos-aires-report/	252"
"25	26	destinations travel vacation compare research	0	https://travel.usnews.com/	253"
"25	26	destinations travel vacation compare research	0	https://www.rvia.org/2023-vacation-cost-comparison-study	254"
"25	26	destinations travel vacation compare research	0	https://skift.com/2023/05/02/rising-prices-see-travelers-changing-summer-travel-plans-survey/	255"
"25	26	destinations travel vacation compare research	0	https://www.traveltips4trip.com/travel-planning-how-research-trip/	256"
"25	26	destinations travel vacation compare research	0	https://ir.tripadvisor.com/news-releases/news-release-details/travel-2022-look-ahead-tripadvisor-research-partnership-ipsos	257"
"25	26	destinations travel vacation compare research	0	https://www.sciencedirect.com/science/article/pii/S0965856422002543	258"
"25	26	destinations travel vacation compare research	0	https://evidencebasedliving.human.cornell.edu/blog/the-evidence-on-vacations-2/	259"
"26	27	dehumidifier dehumidifiers specifications expensive price	0	https://www.forbes.com/home-improvement/hvac/whole-house-dehumidifier-cost/	260"
"26	27	dehumidifier dehumidifiers specifications expensive price	0	https://www.nytimes.com/wirecutter/reviews/best-dehumidifier/	261"
"26	27	dehumidifier dehumidifiers specifications expensive price	0	https://www.amazon.com/Dehumidifiers-Dehumidifier-Portable-Humidity-Basements/dp/B0BM4DTL3P	262"
"26	27	dehumidifier dehumidifiers specifications expensive price	0	https://www.bestbuy.com/site/shop/dehumidifier-cost	263"
"26	27	dehumidifier dehumidifiers specifications expensive price	0	https://www.consumerreports.org/appliances/dehumidifiers/buying-guide/	264"
"26	27	dehumidifier dehumidifiers specifications expensive price	0	https://www.consumerreports.org/appliances/dehumidifiers/what-size-dehumidifier-do-i-need-a8767558534/	265"
"26	27	dehumidifier dehumidifiers specifications expensive price	0	https://www.lowes.com/pl/Dehumidifiers-Humidifiers-dehumidifiers-Heating-cooling/4294620974	266"
"26	27	dehumidifier dehumidifiers specifications expensive price	0	https://www.bobvila.com/articles/whole-house-dehumidifier-cost/	267"
"26	27	dehumidifier dehumidifiers specifications expensive price	0	https://www.dehumidifierbuyersguide.com/	268"
"26	27	dehumidifier dehumidifiers specifications expensive price	0	https://ecocostsavings.com/cost-to-run-dehumidifier/	269"
"27	28	breeds bred designer purebred dog	0	https://www.petassure.com/petassure/file-streams/page/uh9gF9nWhaoJlQZg00k311whats-the-difference-designer-or-hybrid-breeds.jpg.jpg?sa=X&ved=2ahUKEwjBuay4jZ6AAxUDTTABHVR5AlkQ_B16BAgJEAI	270"
"27	28	breeds bred designer purebred dog	0	https://www.petassure.com/new-newsletters/whats-the-difference-designer-or-hybrid-breeds/	271"
"27	28	breeds bred designer purebred dog	0	https://vcahospitals.com/know-your-pet/designer-dog-breeds	272"
"27	28	breeds bred designer purebred dog	0	https://www.thesprucepets.com/what-is-a-designer-dog-breed-1118093	273"
"27	28	breeds bred designer purebred dog	0	https://animalcorner.org/blog/designer-dog-breeds/	274"
"27	28	breeds bred designer purebred dog	0	https://www.rover.com/blog/designer-dog-breeds/	275"
"27	28	breeds bred designer purebred dog	0	https://time.com/designer-dogs/	276"
"27	28	breeds bred designer purebred dog	0	https://www.thewildest.com/dog-lifestyle/truth-behind-designer-dogs-and-dog-breeding	277"
"27	28	breeds bred designer purebred dog	0	https://petkeen.com/designer-dog-breeds/	278"
"27	28	breeds bred designer purebred dog	0	https://petkeen.com/designer-dog-breeds/#The_Top_20_Designer_Dog_Breeds	279"
"28	29	bollywood beverly industries oscars city	0	https://en.wikipedia.org/wiki/Academy_Awards	280"
"28	29	bollywood beverly industries oscars city	0	https://en.wikipedia.org/wiki/74th_Academy_Awards	281"
"28	29	bollywood beverly industries oscars city	0	https://www.linkedin.com/in/oscar-aquino-96b98324	282"
"28	29	bollywood beverly industries oscars city	0	https://www.linkedin.com/in/oscar-salamanca-826b05b7	283"
"28	29	bollywood beverly industries oscars city	0	http://www.beverlyinc.com/	284"
"28	29	bollywood beverly industries oscars city	0	https://www.hollywoodreporter.com/lifestyle/style/oscars-inside-peninsula-beverly-hills-422010/	285"
"28	29	bollywood beverly industries oscars city	0	https://www.ny1.com/nyc/all-boroughs/ap-top-news/2023/03/13/yeoh-fraser-feel-the-love-at-vanity-fair-post-oscars-party	286"
"28	29	bollywood beverly industries oscars city	0	https://glitteratitours.com/blog/oscar-parties-in-hollywood-and-beverly-hills/	287"
"28	29	bollywood beverly industries oscars city	0	https://www.britannica.com/art/Academy-Award	288"
"28	29	bollywood beverly industries oscars city	0	https://people.com/home/the-l-a-hotels-where-celebrities-stay/	289"
"29	30	swahili kenya cooking dish cook	0	https://www.kitchencounterchronicle.com/kenya-swahili-pilau/	290"
"29	30	swahili kenya cooking dish cook	0	https://matadornetwork.com/read/essential-kenya-dishes-swahili-coast/	291"
"29	30	swahili kenya cooking dish cook	0	https://www.pinterest.com/dkarama/swahili-recipes/	292"
"29	30	swahili kenya cooking dish cook	0	https://cookpad.com/us/search/swahili	293"
"29	30	swahili kenya cooking dish cook	0	https://africageographic.com/stories/six-swahili-food-dishes-wont-want-miss/	294"
"29	30	swahili kenya cooking dish cook	0	https://www.styleforwanderlust.com/the-style-for-wanderlust-blog/2019/6/10/swahili-food-essentials	295"
"29	30	swahili kenya cooking dish cook	0	https://www.youtube.com/watch?v=5V8q49-bbFE	296"
"29	30	swahili kenya cooking dish cook	0	https://www.youtube.com/watch?v=KUZQ7Z3uQZc	297"
"29	30	swahili kenya cooking dish cook	0	https://www.youtube.com/watch?v=BMf8roZ8mGo	298"
"29	30	swahili kenya cooking dish cook	0	https://www.tuko.co.ke/271894-best-kenyan-swahili-dishes-recipes.html	299"
"30	31	derby racing churchill schedule breeders	0	https://www.churchilldowns.com/	300"
"30	31	derby racing churchill schedule breeders	0	https://www.churchilldowns.com/calendar/featured-events/featured-event/breeders-cup-world-championships	301"
"30	31	derby racing churchill schedule breeders	0	https://www.kentuckyderby.com/racing/breeders-cup	302"
"30	31	derby racing churchill schedule breeders	0	https://www.kentuckyderby.com/horses/prep-races	303"
"30	31	derby racing churchill schedule breeders	0	https://www.churchilldownsincorporated.com/resources/kentucky-derby-and-oaks/churchill-downs-incorporated-enters-definitive-agreement-to-acquire-ellis-park-in-henderson-kentucky/	304"
"30	31	derby racing churchill schedule breeders	0	https://www.courier-journal.com/story/sports/horses/kentucky-derby/2023/05/03/kentucky-derby-2023-betting-picks-for-all-14-races-at-churchill-downs/69933719007/	305"
"30	31	derby racing churchill schedule breeders	0	https://en.wikipedia.org/wiki/Churchill_Downs	306"
"30	31	derby racing churchill schedule breeders	0	https://www.bloodhorse.com/horse-racing/articles/263590/lukas-classic-ack-ack-added-to-nbcs-oct-1-tv-program	307"
"30	31	derby racing churchill schedule breeders	0	https://www.siriusxm.com/sports/horse-racing	308"
"30	31	derby racing churchill schedule breeders	0	https://www.twinspires.com/race-tracks/churchill-downs	309"
"31	32	destinations cities destination travel trip	0	https://travel.usnews.com/rankings/best-cities-usa/	310"
"31	32	destinations cities destination travel trip	0	https://travel.usnews.com/rankings/worlds-best-vacations/	311"
"31	32	destinations cities destination travel trip	0	https://www.delicious.com.au/travel/international/gallery/100-cities-deserve-place-travel-bucket-list/o4lzlr69	312"
"31	32	destinations cities destination travel trip	0	https://www.packupgo.com/destination-cities	313"
"31	32	destinations cities destination travel trip	0	https://www.yourtopdestination.com/	314"
"31	32	destinations cities destination travel trip	0	https://www.lonelyplanet.com/best-in-travel	315"
"31	32	destinations cities destination travel trip	0	https://www.planetware.com/world/top-cities-in-the-world-to-visit-eng-1-39.htm	316"
"31	32	destinations cities destination travel trip	0	https://www.travelandleisure.com/best-places-to-go-2023-6827750	317"
"31	32	destinations cities destination travel trip	0	https://www.aaa.com/tripcanvas/article/50-top-travel-destinations-in-the-us-CM534	318"
"31	32	destinations cities destination travel trip	0	https://www.cnn.com/travel/article/where-to-travel-best-destinations-2023/index.html	319"
"32	33	glassblowing glass edison bulb advances	0	https://asgs-glass.org/what-is-scientific-glassblowing/	320"
"32	33	glassblowing glass edison bulb advances	0	https://www.youtube.com/watch?v=4V55esXurtc	321"
"32	33	glassblowing glass edison bulb advances	0	https://en.wikipedia.org/wiki/Scientific_glassblowing	322"
"32	33	glassblowing glass edison bulb advances	0	https://en.wikipedia.org/wiki/Scientific_glassblowing#Scientific_glassblowing_schools	323"
"32	33	glassblowing glass edison bulb advances	0	https://en.wikipedia.org/wiki/Scientific_glassblowing#Degree_programs	324"
"32	33	glassblowing glass edison bulb advances	0	http://www.historyofglass.com/glass-history/glass-blowing-history/	325"
"32	33	glassblowing glass edison bulb advances	0	https://edisonian.weebly.com/the-light-bulb.html	326"
"32	33	glassblowing glass edison bulb advances	0	https://www.corning.com/emea/en/innovation/culture-of-innovation/the-history-of-corning-innovation.html	327"
"32	33	glassblowing glass edison bulb advances	0	http://www.chem.latech.edu/~upali/chem281/glassblowing/glassblowing1.htm	328"
"32	33	glassblowing glass edison bulb advances	0	https://research.asu.edu/glass-act	329"
"33	34	connecticut training academy career interests	0	https://www.cttech.org/careeracademy/	330"
"33	34	connecticut training academy career interests	0	https://portal.ct.gov/SDE/Career-and-Technical-Education/Career-and-Technical-Education/Career-Clusters-Pathways-Programs-of-Study	331"
"33	34	connecticut training academy career interests	0	https://portal.ct.gov/SDE/Career-and-Technical-Education/Career-and-Technical-Education	332"
"33	34	connecticut training academy career interests	0	https://www1.ctdol.state.ct.us/jcc/step3.asp	333"
"33	34	connecticut training academy career interests	0	https://www1.ctdol.state.ct.us/jcc/step1.asp	334"
"33	34	connecticut training academy career interests	0	https://www.workplace.org/health-career-academy/	335"
"33	34	connecticut training academy career interests	0	https://www.justiceeducationcenter.org/initiatives/career-pathways/	336"
"33	34	connecticut training academy career interests	0	https://www.jobapscloud.com/CT/sup/bulpreview.asp?b=&R1=230307&R2=8838PS&R3=001	337"
"33	34	connecticut training academy career interests	0	https://www.eastconn.org/youth-employment	338"
"33	34	connecticut training academy career interests	0	https://porterchester.edu/campus-locations/bridgeport-ct	339"
"34	35	lobbying lobbyist merck lobbied pharmaceutical	0	https://www.opensecrets.org/federal-lobbying/industries/summary?id=H04	340"
"34	35	lobbying lobbyist merck lobbied pharmaceutical	0	https://www.opensecrets.org/federal-lobbying/clients/summary?id=D000000275	341"
"34	35	lobbying lobbyist merck lobbied pharmaceutical	0	https://www.beckershospitalreview.com/pharmacy/pharmas-15-biggest-lobbyists.html	342"
"34	35	lobbying lobbyist merck lobbied pharmaceutical	0	https://www.promarket.org/2022/06/29/healthcare-companies-spent-more-on-lobbying-than-any-other-industry-last-year/	343"
"34	35	lobbying lobbyist merck lobbied pharmaceutical	0	https://www.protectourcare.org/big-pharma-drops-over-100-million-fighting-prescription-drug-price-negotiation/	344"
"34	35	lobbying lobbyist merck lobbied pharmaceutical	0	https://www.fiercepharma.com/pharma/peddling-influence-d-c-cost-pharma-industry-a-record-92m-first-quarter	345"
"34	35	lobbying lobbyist merck lobbied pharmaceutical	0	https://www.citizensforethics.org/reports-investigations/crew-reports/a-bitter-pill-how-big-pharma-lobbies-to-keep-prescription-drug-prices-high/	346"
"34	35	lobbying lobbyist merck lobbied pharmaceutical	0	https://drugstorenews.com/pharmacy/merck-spends-nearly-12-million-lobbying-2q	347"
"34	35	lobbying lobbyist merck lobbied pharmaceutical	0	https://www.ncbi.nlm.nih.gov/pmc/articles/PMC7054854/	348"
"34	35	lobbying lobbyist merck lobbied pharmaceutical	0	https://www.cnn.com/2019/01/23/health/phrma-lobbying-costs-bn/index.html	349"
"35	36	crisis eurozone europe downturns portugal	0	https://www.brookings.edu/articles/the-portuguese-slump-and-crash-and-the-euro-crisis/	350"
"35	36	crisis eurozone europe downturns portugal	0	https://en.wikipedia.org/wiki/2010%E2%80%932014_Portuguese_financial_crisis	351"
"35	36	crisis eurozone europe downturns portugal	0	https://en.wikipedia.org/wiki/2010%E2%80%932014_Portuguese_financial_crisis#Causes	352"
"35	36	crisis eurozone europe downturns portugal	0	https://en.wikipedia.org/wiki/2010%E2%80%932014_Portuguese_financial_crisis#Economic_Adjustment_Programme_for_Portugal	353"
"35	36	crisis eurozone europe downturns portugal	0	https://en.wikipedia.org/wiki/2010%E2%80%932014_Portuguese_financial_crisis#Rejection_of_Austerity_Conditions_and_Political_Crisis	354"
"35	36	crisis eurozone europe downturns portugal	0	https://www.consilium.europa.eu/media/33780/speech-peg-harvard-april-2018.pdf	355"
"35	36	crisis eurozone europe downturns portugal	0	https://www.esm.europa.eu/publications/safeguarding-euro/crisis-spreads-portugal-second-call-aid	356"
"35	36	crisis eurozone europe downturns portugal	0	https://www.britannica.com/place/Portugal/Sovereign-debt-crisis	357"
"35	36	crisis eurozone europe downturns portugal	0	https://www.jstor.org/stable/23594865	358"
"35	36	crisis eurozone europe downturns portugal	0	https://www.athensjournals.gr/mediterranean/2016-2-2-1-Correia.pdf	359"
"36	37	roof silicone coating cooling material	0	https://pmsilicone.com/silicone-roof-coating-systems/	360"
"36	37	roof silicone coating cooling material	0	https://pmsilicone.com/silicone-roof-coatings-reflectivity/	361"
"36	37	roof silicone coating cooling material	0	https://henry.com/retail/white-roof-coatings/887-tropi-cool-100-silicone-white-roof-coating	362"
"36	37	roof silicone coating cooling material	0	https://www.americanweatherstar.com/pros-and-cons-of-silicone-roof-coatings/	363"
"36	37	roof silicone coating cooling material	0	https://www.homedepot.com/b/Building-Materials-Roofing-Commercial-Roofing-Roof-Coatings/Silicone/N-5yc1vZaqu6Z1z196aa	364"
"36	37	roof silicone coating cooling material	0	https://www.homedepot.com/p/Henry-887-Tropi-Cool-4-75-Gal-100-Silicone-White-Roof-Coating-HE887HS018/205049553	365"
"36	37	roof silicone coating cooling material	0	https://siliconeforbuilding.com/products/roof-coating	366"
"36	37	roof silicone coating cooling material	0	https://gaco.com/roofing/silicone-roof-coating-systems/	367"
"36	37	roof silicone coating cooling material	0	https://gaco.com/product/gacoroof/	368"
"36	37	roof silicone coating cooling material	0	https://gaco.com/product/gacoflex-s42/	369"
"37	38	colleges scholarships university college suny	0	https://www.suny.edu/smarttrack/types-of-financial-aid/scholarships/	370"
"37	38	colleges scholarships university college suny	0	https://www.suny.edu/smarttrack/types-of-financial-aid/scholarships/excelsior/	371"
"37	38	colleges scholarships university college suny	0	https://www.suny.edu/smarttrack/types-of-financial-aid/financial-aid-resources/	372"
"37	38	colleges scholarships university college suny	0	https://www.suny.edu/counselor/faqs/parents/	373"
"37	38	colleges scholarships university college suny	0	https://www.suny.edu/smarttrack/types-of-financial-aid/	374"
"37	38	colleges scholarships university college suny	0	https://www.suny.edu/diversity/scholarships-grants/	375"
"37	38	colleges scholarships university college suny	0	https://www.suny.edu/suny-news/press-releases/12-22/12-27-22/excelsior2023.html	376"
"37	38	colleges scholarships university college suny	0	https://www.albany.edu/admissions/scholarships-aid	377"
"37	38	colleges scholarships university college suny	0	https://admissions.buffalo.edu/costs/scholarships.php	378"
"37	38	colleges scholarships university college suny	0	https://www.hesc.ny.gov/pay-for-college/financial-aid/types-of-financial-aid/nys-grants-scholarships-awards/the-excelsior-scholarship.html	379"
"38	39	eurozone crisis causes financial effects	0	https://www.investopedia.com/terms/e/european-sovereign-debt-crisis.asp	380"
"38	39	eurozone crisis causes financial effects	0	https://www.investopedia.com/terms/e/european-sovereign-debt-crisis.asp#toc-debt-crisis-contributing-causes	381"
"38	39	eurozone crisis causes financial effects	0	https://www.investopedia.com/terms/e/european-sovereign-debt-crisis.asp#toc-greek-example-of-european-crisis	382"
"38	39	eurozone crisis causes financial effects	0	https://en.wikipedia.org/wiki/European_debt_crisis	383"
"38	39	eurozone crisis causes financial effects	0	https://en.wikipedia.org/wiki/European_debt_crisis#Causes	384"
"38	39	eurozone crisis causes financial effects	0	https://en.wikipedia.org/wiki/European_debt_crisis#Evolution_of_the_crisis	385"
"38	39	eurozone crisis causes financial effects	0	https://en.wikipedia.org/wiki/European_debt_crisis#Policy_reactions	386"
"38	39	eurozone crisis causes financial effects	0	https://en.wikipedia.org/wiki/European_debt_crisis#Economic_reforms_and_recovery_proposals	387"
"38	39	eurozone crisis causes financial effects	0	https://www.britannica.com/topic/euro-zone-debt-crisis	388"
"38	39	eurozone crisis causes financial effects	0	https://www.thebalancemoney.com/eurozone-debt-crisis-causes-cures-and-consequences-3305524	389"
"39	40	infants milestones developmental korea japan	0	https://www.ncbi.nlm.nih.gov/pmc/articles/PMC4114539/	390"
"39	40	infants milestones developmental korea japan	0	https://pubmed.ncbi.nlm.nih.gov/35182581/	391"
"39	40	infants milestones developmental korea japan	0	https://www.researchgate.net/publication/247757718_Child_development_and_childcare_in_Japan	392"
"39	40	infants milestones developmental korea japan	0	https://onlinelibrary.wiley.com/doi/pdf/10.1002/ajhb.23054	393"
"39	40	infants milestones developmental korea japan	0	https://onlinelibrary.wiley.com/doi/10.1002/ajhb.23054	394"
"39	40	infants milestones developmental korea japan	0	https://www.all4kids.org/news/blog/why-the-first-5-years-of-child-development-are-so-important/	395"
"39	40	infants milestones developmental korea japan	0	https://www.childrensmn.org/educationmaterials/childrensmn/article/15316/developmental-milestones-birth-to-6-months/	396"
"39	40	infants milestones developmental korea japan	0	https://www.quora.com/Why-are-babies-in-South-Korea-born-at-age-1-and-turn-age-2-on-January-1st-of-the-upcoming-year-after-the-birth-Doesn-t-that-seem-awfully-confusing-considering-that-the-developmental-milestones-from-birth-are-spaced	397"
"39	40	infants milestones developmental korea japan	0	https://www.theguardian.com/world/2022/nov/19/fear-older-future-japan-south-korea-birth-fertility-rates-population	398"
"39	40	infants milestones developmental korea japan	0	https://childcareanswers.org/resources/developmental-milestones/	399"
"40	41	entrepreneur succeed venture young web	0	https://www.entrepreneur.com/starting-a-business/10-ventures-young-entrepreneurs-can-start-for-cheap-or-free/300786	400"
"40	41	entrepreneur succeed venture young web	0	https://www.investopedia.com/10-successful-young-entrepreneurs-4773310	401"
"40	41	entrepreneur succeed venture young web	0	https://www.businessnewsdaily.com/5051-young-entrepreneurs.html	402"
"40	41	entrepreneur succeed venture young web	0	https://articles.bplans.com/10-great-websites-for-entrepreneurs/	403"
"40	41	entrepreneur succeed venture young web	0	https://www.crimsoneducation.org/us/blog/high-school-entrepreneurship/	404"
"40	41	entrepreneur succeed venture young web	0	https://neilpatel.com/blog/how-to-be-an-entrepreneur/	405"
"40	41	entrepreneur succeed venture young web	0	https://link.springer.com/article/10.1007/s11187-022-00644-3	406"
"40	41	entrepreneur succeed venture young web	0	https://www.topuniversities.com/student-info/careers-advice/8-tips-help-you-become-young-entrepreneur	407"
"40	41	entrepreneur succeed venture young web	0	https://business.uoregon.edu/hands-on-learning/competitions/nvc	408"
"40	41	entrepreneur succeed venture young web	0	https://openstax.org/books/entrepreneurship/pages/1-1-entrepreneurship-today	409"
"41	42	collagen vascular disease diagnosed sport	0	https://my.clevelandclinic.org/health/diseases/24342-collagen-vascular-disease	410"
"41	42	collagen vascular disease diagnosed sport	0	https://www.ncbi.nlm.nih.gov/pmc/articles/PMC3435946/	411"
"41	42	collagen vascular disease diagnosed sport	0	https://journals.sagepub.com/doi/pdf/10.1177/1358863x10382944	412"
"41	42	collagen vascular disease diagnosed sport	0	https://www.nicklauschildrens.org/conditions/collagen-vascular-diseases	413"
"41	42	collagen vascular disease diagnosed sport	0	https://kristv.com/news/local-news/2019/05/06/collagen-vascular-disease-makes-the-bodys-immune-system-attacks-its-own-tissues/	414"
"41	42	collagen vascular disease diagnosed sport	0	https://medlineplus.gov/ency/article/001223.htm	415"
"41	42	collagen vascular disease diagnosed sport	0	https://www.acc.org/latest-in-cardiology/articles/2015/03/02/13/03/recognizing-marfan-syndrome-in-athletes	416"
"41	42	collagen vascular disease diagnosed sport	0	https://academic.oup.com/book/375/chapter/135184446	417"
"41	42	collagen vascular disease diagnosed sport	0	https://www.physio-pedia.com/Connective_Tissue_Disorders	418"
"41	42	collagen vascular disease diagnosed sport	0	https://jamanetwork.com/journals/jamanetworkopen/fullarticle/2776548	419"
"42	43	trip road vacation enjoyable boring	0	https://www.nationalgeographic.org/idea/road-trip-boredom-busters/	420"
"42	43	trip road vacation enjoyable boring	0	https://www.lonelyplanet.com/articles/how-to-survive-a-boring-road-trip	421"
"42	43	trip road vacation enjoyable boring	0	https://viatravelers.com/boring-vacation/	422"
"42	43	trip road vacation enjoyable boring	0	https://magazine.northeast.aaa.com/magazine/travel/road-trips/make-sure-your-road-trip-is-not-boring/	423"
"42	43	trip road vacation enjoyable boring	0	https://allshecooks.com/tired-boring-road-trips-7-ways-enjoy-drive/	424"
"42	43	trip road vacation enjoyable boring	0	https://www.liveawilderlife.com/things-to-do-on-a-road-trip/	425"
"42	43	trip road vacation enjoyable boring	0	https://kidshealth.org/en/parents/road-trip.html	426"
"42	43	trip road vacation enjoyable boring	0	https://www.postcardsandpassports.com/how-to-beat-family-vacation-boredom/	427"
"42	43	trip road vacation enjoyable boring	0	https://twisttravelmag.com/things-to-do-on-a-road-trip/	428"
"42	43	trip road vacation enjoyable boring	0	https://guidetour.in/tired-of-boring-road-trips-here-are-7-ways-to-enjoy-the-drive/	429"
"43	44	internet phone service web determine	0	https://www.fcc.gov/general/voice-over-internet-protocol-voip	430"
"43	44	internet phone service web determine	0	https://www.allconnect.com/blog/what-is-internet-phone-service	431"
"43	44	internet phone service web determine	0	https://wpforms.com/best-business-voip-and-internet-phone-systems/	432"
"43	44	internet phone service web determine	0	https://www.pcmag.com/picks/finally-ditch-that-landline-the-best-voip-home-phone-services	433"
"43	44	internet phone service web determine	0	https://www.forbes.com/advisor/business/software/best-voip-service/	434"
"43	44	internet phone service web determine	0	https://getvoip.com/speed-test-tool/	435"
"43	44	internet phone service web determine	0	https://www.magicjack.com/	436"
"43	44	internet phone service web determine	0	https://www.g2.com/categories/voip	437"
"43	44	internet phone service web determine	0	https://broadbandnow.com/	438"
"43	44	internet phone service web determine	0	https://www.nextiva.com/products/voip-phone-service.html	439"
"44	45	exploration article space spending argument	0	https://ysjournal.com/magazine/should-more-money-be-spent-on-space-exploration-rather-than-to-solve-humanitarian-problems-on-earth/	440"
"44	45	exploration article space spending argument	0	https://www.planetary.org/articles/space-exploration-is-always-worthwhile	441"
"44	45	exploration article space spending argument	0	https://www.econ.iastate.edu/ask-an-economist/should-we-be-spending-money-space-exploration	442"
"44	45	exploration article space spending argument	0	https://debatewise.org/137-space-exploration-is-a-waste-of-money/	443"
"44	45	exploration article space spending argument	0	https://debatewise.org/137-space-exploration-is-a-waste-of-money/#yes1	444"
"44	45	exploration article space spending argument	0	https://debatewise.org/137-space-exploration-is-a-waste-of-money/#yes8	445"
"44	45	exploration article space spending argument	0	https://debatewise.org/137-space-exploration-is-a-waste-of-money/#yes9	446"
"44	45	exploration article space spending argument	0	https://debatewise.org/137-space-exploration-is-a-waste-of-money/#yes10	447"
"44	45	exploration article space spending argument	0	https://time.com/5953877/spend-more-on-space-travel/	448"
"44	45	exploration article space spending argument	0	https://en.unesco.org/courier/marzo-1970/space-effort-waste-money	449"
"45	46	minority target employees policy women	0	https://corporate.target.com/sustainability-ESG/diversity-equity-inclusion/team-members-guests/women	450"
"45	46	minority target employees policy women	0	https://corporate.target.com/sustainability-ESG/diversity-equity-inclusion	451"
"45	46	minority target employees policy women	0	https://corporate.target.com/article/2016/04/target-stands-inclusivity	452"
"45	46	minority target employees policy women	0	https://corporate.target.com/sustainability-ESG/diversity-equity-inclusion/workforce-diversity	453"
"45	46	minority target employees policy women	0	https://corporate.target.com/sustainability-ESG/diversity-equity-inclusion/team-members-guests	454"
"45	46	minority target employees policy women	0	https://corporate.target.com/sustainability-ESG/social/human-rights/supply-chain-policies	455"
"45	46	minority target employees policy women	0	https://corporate.target.com/press/releases/2020/09/Target-Releases-Workforce-Diversity-Report-Plans-t	456"
"45	46	minority target employees policy women	0	https://corporate.target.com/sustainability-ESG/social/human-rights	457"
"45	46	minority target employees policy women	0	https://corporate.target.com/about/products-services/suppliers/supplier-diversity	458"
"45	46	minority target employees policy women	0	https://www.bloomberg.com/news/articles/2022-09-30/target-joins-list-of-boards-with-majority-women-and-minorities	459"
"46	47	swahili recipes dishes traditional ingredients	0	https://cookpad.com/us/search/swahili	460"
"46	47	swahili recipes dishes traditional ingredients	0	https://www.pinterest.com/dkarama/swahili-recipes/	461"
"46	47	swahili recipes dishes traditional ingredients	0	https://africageographic.com/stories/six-swahili-food-dishes-wont-want-miss/	462"
"46	47	swahili recipes dishes traditional ingredients	0	https://swahilifood.com/	463"
"46	47	swahili recipes dishes traditional ingredients	0	https://swahilifood.com/about-me/	464"
"46	47	swahili recipes dishes traditional ingredients	0	https://swahilifood.com/category/easy-recipes/	465"
"46	47	swahili recipes dishes traditional ingredients	0	https://swahilifood.com/category/drinks/	466"
"46	47	swahili recipes dishes traditional ingredients	0	https://swahilifood.com/category/snacks/	467"
"46	47	swahili recipes dishes traditional ingredients	0	https://mayuris-jikoni.com/tag/swahili-cuisine/	468"
"46	47	swahili recipes dishes traditional ingredients	0	https://ling-app.com/sw/swahili-food/	469"
"47	48	evaluations evaluate promoted manager employee	0	https://www.indeed.com/career-advice/career-development/how-to-write-an-employee-evaluation	470"
"47	48	evaluations evaluate promoted manager employee	0	https://www.indeed.com/career-advice/career-development/evaluating-employees	471"
"47	48	evaluations evaluate promoted manager employee	0	https://smallbusiness.chron.com/evaluate-employee-promotion-21936.html	472"
"47	48	evaluations evaluate promoted manager employee	0	https://home.workstory.team/post/how-to-evaluate-if-an-employee-is-ready-for-a-promotion	473"
"47	48	evaluations evaluate promoted manager employee	0	https://www.businessnewsdaily.com/15967-how-to-evaluate-employee-performance-.html	474"
"47	48	evaluations evaluate promoted manager employee	0	https://www.businessnewsdaily.com/15967-how-to-evaluate-employee-performance-.html#what-is-a-performance-evaluation	475"
"47	48	evaluations evaluate promoted manager employee	0	https://www.businessnewsdaily.com/15967-how-to-evaluate-employee-performance-.html#10-factors-to-use-in-evaluating-employee-performance	476"
"47	48	evaluations evaluate promoted manager employee	0	https://research.com/careers/employee-evaluation-comments	477"
"47	48	evaluations evaluate promoted manager employee	0	https://www.qualtrics.com/experience-management/employee/performance-appraisal/	478"
"47	48	evaluations evaluate promoted manager employee	0	https://evgmedia.com/evaluating-employees-promotion/	479"
"48	49	hydroelectricity hydroelectric turbines turbine kwh	0	https://www.energy.gov/energysaver/microhydropower-systems	480"
"48	49	hydroelectricity hydroelectric turbines turbine kwh	0	https://www.energy.gov/eere/water/types-hydropower-plants	481"
"48	49	hydroelectricity hydroelectric turbines turbine kwh	0	https://www.renewablesfirst.co.uk/home/renewable-energy-technologies/hydropower/hydropower-learning-centre/how-much-power-could-i-generate-from-a-hydro-turbine/	482"
"48	49	hydroelectricity hydroelectric turbines turbine kwh	0	https://www.usbr.gov/power/edu/pamphlet.pdf	483"
"48	49	hydroelectricity hydroelectric turbines turbine kwh	0	https://www.iea.org/energy-system/renewables/hydropower	484"
"48	49	hydroelectricity hydroelectric turbines turbine kwh	0	https://www.micro-hydro-power.com/A-Guide-to-Hydro-Power.htm	485"
"48	49	hydroelectricity hydroelectric turbines turbine kwh	0	https://www.eia.gov/energyexplained/hydropower/where-hydropower-is-generated.php	486"
"48	49	hydroelectricity hydroelectric turbines turbine kwh	0	https://www.eia.gov/energyexplained/hydropower/	487"
"48	49	hydroelectricity hydroelectric turbines turbine kwh	0	http://www.wvic.com/content/facts_about_hydropower.cfm	488"
"48	49	hydroelectricity hydroelectric turbines turbine kwh	0	https://en.wikipedia.org/wiki/Hydroelectricity	489"
"49	50	eurozone indicators crisis gdp effects	0	https://www2.deloitte.com/us/en/insights/economy/emea/eurozone-economic-outlook.html	490"
"49	50	eurozone indicators crisis gdp effects	0	https://ec.europa.eu/eurostat/cache/digpub/european_economy/bloc-1a.html?lang=en	491"
"49	50	eurozone indicators crisis gdp effects	0	https://www.ecb.europa.eu/pub/pdf/scpops/ecbocp109.pdf	492"
"49	50	eurozone indicators crisis gdp effects	0	https://www.imf.org/en/Blogs/Articles/2023/04/28/europes-knifeedge-path-toward-beating-inflation-without-a-recession	493"
"49	50	eurozone indicators crisis gdp effects	0	https://www.adb.org/sites/default/files/publication/30164/economics-wp336-economic-impact-eurozone-debt-crisis.pdf	494"
"49	50	eurozone indicators crisis gdp effects	0	https://www.investopedia.com/terms/e/european-sovereign-debt-crisis.asp	495"
"49	50	eurozone indicators crisis gdp effects	0	https://en.wikipedia.org/wiki/European_debt_crisis	496"
"49	50	eurozone indicators crisis gdp effects	0	https://www.reuters.com/markets/europe/euro-zone-slips-into-recession-after-german-revision-2023-06-08/	497"
"49	50	eurozone indicators crisis gdp effects	0	https://www.britannica.com/topic/euro-zone-debt-crisis	498"
"49	50	eurozone indicators crisis gdp effects	0	https://www.researchgate.net/figure/Long-tem-effect-of-the-crisis-on-GDP-in-the-Euro-area_fig1_227590818	499"
"50	51	massacre arthur victims killer port	0	https://en.wikipedia.org/wiki/Port_Arthur_massacre_(Australia)	500"
"50	51	massacre arthur victims killer port	0	https://en.wikipedia.org/wiki/Martin_Bryant	501"
"50	51	massacre arthur victims killer port	0	https://en.wikipedia.org/wiki/List_of_massacres_in_Australia	502"
"50	51	massacre arthur victims killer port	0	https://en.wikipedia.org/wiki/Gun_laws_of_Australia	503"
"50	51	massacre arthur victims killer port	0	https://en.wikipedia.org/wiki/Port_Arthur_massacre_(Australia)	504"
"50	51	massacre arthur victims killer port	0	https://www.britannica.com/event/Port-Arthur-Massacre	505"
"50	51	massacre arthur victims killer port	0	https://www.nma.gov.au/defining-moments/resources/port-arthur-massacre	506"
"50	51	massacre arthur victims killer port	0	https://www.history.com/this-day-in-history/port-arthur-massacre-in-australia	507"
"50	51	massacre arthur victims killer port	0	https://www.nbcnews.com/news/world/port-arthur-massacre-shooting-spree-changed-australia-gun-laws-n396476	508"
"50	51	massacre arthur victims killer port	0	https://www.dailymail.co.uk/news/article-3562751/Harrowing-photos-Port-Arthur-massacre-unfolded-20-years-ago.html	509"
"51	52	uk countries security health safety	0	https://www.gov.uk/foreign-travel-advice/usa/safety-and-security	510"
"51	52	uk countries security health safety	0	https://www.trade.gov/country-commercial-guides/united-kingdom-safety-and-security	511"
"51	52	uk countries security health safety	0	https://travel.state.gov/content/travel/en/traveladvisories/traveladvisories/united-kingdom-travel-advisory.html	512"
"51	52	uk countries security health safety	0	https://travel.state.gov/content/travel/en/international-travel/International-Travel-Country-Information-Pages/UnitedKingdom.html	513"
"51	52	uk countries security health safety	0	https://www.ghsindex.org/country/united-kingdom/	514"
"51	52	uk countries security health safety	0	https://www.ghsindex.org/	515"
"51	52	uk countries security health safety	0	https://www.internationalsos.com/	516"
"51	52	uk countries security health safety	0	https://www.osha.gov/	517"
"51	52	uk countries security health safety	0	https://ehp.niehs.nih.gov/1104424/	518"
"51	52	uk countries security health safety	0	https://www.who.int/health-topics/international-health-regulations	519"
"52	53	ira 403 retirement employer contribute	0	https://www.irs.gov/retirement-plans/retirement-plans-faqs-regarding-403b-tax-sheltered-annuity-plans	520"
"52	53	ira 403 retirement employer contribute	0	https://www.irs.gov/retirement-plans/plan-participant-employee/retirement-topics-403b-contribution-limits	521"
"52	53	ira 403 retirement employer contribute	0	https://www.fidelity.com/learning-center/smart-money/403b-contribution-limits	522"
"52	53	ira 403 retirement employer contribute	0	https://www.investopedia.com/terms/1/403bplan.asp	523"
"52	53	ira 403 retirement employer contribute	0	https://www.investopedia.com/terms/1/403bplan.asp#toc-what-is-a-403b-plan	524"
"52	53	ira 403 retirement employer contribute	0	https://www.investopedia.com/terms/1/403bplan.asp#toc-how-403b-plans-work	525"
"52	53	ira 403 retirement employer contribute	0	https://www.investopedia.com/terms/1/403bplan.asp#toc-special-considerations	526"
"52	53	ira 403 retirement employer contribute	0	https://www.investopedia.com/terms/1/403bplan.asp#toc-types-of-403b-plans	527"
"52	53	ira 403 retirement employer contribute	0	https://www.investopedia.com/ask/answers/100314/what-difference-between-401k-plan-and-403b-plan.asp	528"
"52	53	ira 403 retirement employer contribute	0	https://www.investopedia.com/ask/answers/100314/what-difference-between-401k-plan-and-403b-plan.asp#toc-401k-and-403b-plans-an-overview	529"
"53	54	connecticut firemen academy curriculum graduates	0	https://portal.ct.gov/CFPC/_old/Recruit-Firefighter-Program/Connecticut-Fire-Academy-Recruit-Firefighter-Class--53-to-Graduate	530"
"53	54	connecticut firemen academy curriculum graduates	0	https://portal.ct.gov/CFPC/_old/Recruit-Firefighter-Program/Connecticut-Fire-Academy-Recruit-Firefighter-Class--54-to-Graduate	531"
"53	54	connecticut firemen academy curriculum graduates	0	https://www.nhregister.com/news/article/Connecticut-Fire-Academy-graduates-class-of-46-11572008.php	532"
"53	54	connecticut firemen academy curriculum graduates	0	https://www.vectorsolutions.com/resources/success-stories/ct-fire-academy/	533"
"53	54	connecticut firemen academy curriculum graduates	0	https://www.vectorsolutions.com/resources/press-releases/ct-fire-academy-acadis/	534"
"53	54	connecticut firemen academy curriculum graduates	0	https://norwichct.org/890/Recruitment	535"
"53	54	connecticut firemen academy curriculum graduates	0	https://gatewayct.edu/uncategorized/1759-firefighter	536"
"53	54	connecticut firemen academy curriculum graduates	0	https://fairfieldfireschool.com/courses	537"
"53	54	connecticut firemen academy curriculum graduates	0	https://www.firescience.org/fire-science-degrees-and-programs/connecticut/	538"
"53	54	connecticut firemen academy curriculum graduates	0	https://www.usfa.fema.gov/nfa/courses/off-campus/	539"
"54	55	interview chase applying computational microsoft	0	https://www.geekwire.com/2019/interview-jpmorgan-chase-ceo-jamie-dimon-ai-cloud-banks-big-bet-seattle-tech/	540"
"54	55	interview chase applying computational microsoft	0	https://www.geeksforgeeks.org/jp-morgan-chase-co-interview-experience-on-campus-2022/	541"
"54	55	interview chase applying computational microsoft	0	https://www.hpcwire.com/2022/10/12/jpmorgan-chase-bets-big-on-quantum-computing/	542"
"54	55	interview chase applying computational microsoft	0	https://www.linkedin.com/in/chase-matthews-a738a3ab	543"
"54	55	interview chase applying computational microsoft	0	https://www.cis.fiu.edu/scis-student-shanna-sit-internship-experience-at-jpmorgan-chase/	544"
"54	55	interview chase applying computational microsoft	0	https://365datascience.com/career-advice/job-interview-tips/data-analyst-interview-questions/	545"
"54	55	interview chase applying computational microsoft	0	https://careers.jpmorgan.com/us/en/students/programs/tech-connect	546"
"54	55	interview chase applying computational microsoft	0	https://careers.jpmorgan.com/us/en/students/programs/software-engineer-fulltime	547"
"54	55	interview chase applying computational microsoft	0	https://www.nytimes.com/2019/07/22/technology/open-ai-microsoft.html	548"
"54	55	interview chase applying computational microsoft	0	https://quantumcomputingreport.com/jpmorgan-chase-toshiba-and-ciena-demonstrate-a-qkd-protected-blockchain-application/	549"
"55	56	pocono mountains articles resorts summary	0	https://www.poconomountains.com/articles/post/pmvb-annual-report-headlines-fiscal-year/	550"
"55	56	pocono mountains articles resorts summary	0	https://www.poconomountains.com/articles/	551"
"55	56	pocono mountains articles resorts summary	0	https://traveladdicts.net/abandoned-resorts-poconos/	552"
"55	56	pocono mountains articles resorts summary	0	https://traveladdicts.net/abandoned-resorts-poconos/#history-of-the-pocono-mountain-resorts	553"
"55	56	pocono mountains articles resorts summary	0	https://traveladdicts.net/abandoned-resorts-poconos/#visiting-the-poconos-honeymoon-resorts	554"
"55	56	pocono mountains articles resorts summary	0	https://traveladdicts.net/abandoned-resorts-poconos/#the-old-poconos-honeymoon-hotels-and-resorts	555"
"55	56	pocono mountains articles resorts summary	0	https://travel.usnews.com/gallery/top-poconos-resorts-to-visit	556"
"55	56	pocono mountains articles resorts summary	0	https://www.discovernepa.com/articles-and-stories/winter-break-at-pocono-resorts/	557"
"55	56	pocono mountains articles resorts summary	0	https://www.britannica.com/place/Pocono-Mountains	558"
"55	56	pocono mountains articles resorts summary	0	https://journals.psu.edu/pmhb/article/download/44720/44441	559"
"56	57	competitions miss lara indian india	0	https://www.youtube.com/watch?v=Wkio6Aznje4	560"
"56	57	competitions miss lara indian india	0	https://www.youtube.com/watch?v=O_apdNLVc7c	561"
"56	57	competitions miss lara indian india	0	https://www.indiatoday.in/lifestyle/celebrity/story/lara-dutta-created-a-miss-universe-record-that-no-one-has-broken-yet-1337497-2018-09-11	562"
"56	57	competitions miss lara indian india	0	https://beautypageants.indiatimes.com/miss-universe/the-shining-star-of-the-universe-lara-dutta/eventshow/75177372.cms	563"
"56	57	competitions miss lara indian india	0	https://en.wikipedia.org/wiki/Lara_Dutta	564"
"56	57	competitions miss lara indian india	0	https://www.idiva.com/beauty/celebrities/how-lara-hid-her-nervousness-during-the-miss-universe-contest/18011256	565"
"56	57	competitions miss lara indian india	0	https://www.jagranjosh.com/general-knowledge/list-of-miss-universe-winners-from-india-1639369266-1	566"
"56	57	competitions miss lara indian india	0	https://www.hindustantimes.com/entertainment/when-lara-dutta-was-asked-to-convince-those-protesting-against-the-pageant-during-final-round-of-miss-universe-2020-101650095500848.html	567"
"56	57	competitions miss lara indian india	0	https://www.hindustantimes.com/fashion-and-trends/lara-dutta-wishes-miss-india-all-the-best/story-0fckS3XMcuUlNMh1GVHZ8N.html	568"
"56	57	competitions miss lara indian india	0	https://www.ndtv.com/entertainment/lara-dutta-on-why-there-hasnt-been-an-indian-miss-universe-since-her-679372	569"
"57	58	evaluation teachers principal students teacher	0	https://www.nctq.org/publications/State-of-the-States-2022:-Teacher-and-Principal-Evaluation-Policies	570"
"57	58	evaluation teachers principal students teacher	0	https://www.nctq.org/publications/State-of-the-States-2022:-Teacher-and-Principal-Evaluation-Policies#teacher	571"
"57	58	evaluation teachers principal students teacher	0	https://www.nctq.org/publications/State-of-the-States-2022:-Teacher-and-Principal-Evaluation-Policies#principal	572"
"57	58	evaluation teachers principal students teacher	0	https://www.nctq.org/publications/State-of-the-States-2022:-Teacher-and-Principal-Evaluation-Policies#pcomponents	573"
"57	58	evaluation teachers principal students teacher	0	https://www.edutopia.org/article/tips-principals-better-teacher-evaluations/	574"
"57	58	evaluation teachers principal students teacher	0	https://www.edweek.org/teaching-learning/principals-or-peers-who-should-evaluate-teachers/2023/02	575"
"57	58	evaluation teachers principal students teacher	0	https://www.edweek.org/leadership/8-ways-to-make-teacher-evaluations-meaningful-and-low-stress/2019/10	576"
"57	58	evaluation teachers principal students teacher	0	https://files.eric.ed.gov/fulltext/EJ737642.pdf	577"
"57	58	evaluation teachers principal students teacher	0	https://files.eric.ed.gov/fulltext/ED624887.pdf	578"
"57	58	evaluation teachers principal students teacher	0	https://www.mathematica.org/blogs/incorporating-teacher-voices-into-principal-evaluations-could-improve-leadership	579"
"58	59	philadelphia trip miles train accessible	0	https://wheelchairtravel.org/philadelphia/public-transportation/	580"
"58	59	philadelphia trip miles train accessible	0	https://wheelchairtravel.org/philadelphia/	581"
"58	59	philadelphia trip miles train accessible	0	https://www.visitphilly.com/getting-around/	582"
"58	59	philadelphia trip miles train accessible	0	https://www.americanprogress.org/article/philadelphia-subway-station-accessibility-improvements/	583"
"58	59	philadelphia trip miles train accessible	0	https://www.amtrak.com/skip-the-flight-or-bus-to-philadelphia-travel-by-train	584"
"58	59	philadelphia trip miles train accessible	0	https://www.amtrak.com/station-accessibility	585"
"58	59	philadelphia trip miles train accessible	0	https://www5.septa.org/travel/stops/	586"
"58	59	philadelphia trip miles train accessible	0	https://www.lonelyplanet.com/articles/getting-around-philadelphia	587"
"58	59	philadelphia trip miles train accessible	0	https://www.paconvention.com/attendees-1/travel-to-pa-convention-center	588"
"58	59	philadelphia trip miles train accessible	0	https://www.penndot.pa.gov/TravelInPA/PublicTransitOptions/Pages/Seniors-and-Persons-With-Disabilities.aspx	589"
"59	60	charities donate africa malaria aids	0	https://www.givewell.org/charities/amf	590"
"59	60	charities donate africa malaria aids	0	https://www.givewell.org/charities/amf#Summary	591"
"59	60	charities donate africa malaria aids	0	https://www.givewell.org/charities/amf#What_do_they_do	592"
"59	60	charities donate africa malaria aids	0	https://www.givewell.org/charities/amf#Does_it_work	593"
"59	60	charities donate africa malaria aids	0	https://www.givewell.org/charities/amf#What_do_you_get_for_your_dollar	594"
"59	60	charities donate africa malaria aids	0	https://www.againstmalaria.com/	595"
"59	60	charities donate africa malaria aids	0	https://www.thelifeyoucansave.org/best-charities/against-malaria-foundation/	596"
"59	60	charities donate africa malaria aids	0	https://www.thelifeyoucansave.org/causes-to-support/malaria-charities/	597"
"59	60	charities donate africa malaria aids	0	https://www.theglobalfund.org/	598"
"59	60	charities donate africa malaria aids	0	https://www.canadahelps.org/en/charities/CHAMA/	599"
